horizon,model,n_total,mae_pooled,rmse_pooled,pearson_pooled,spearman_pooled,test_times
1,P1-M0_persistence,10301,28.62411416367343,42.016621310649064,0.0,0.0,
1,P1-M1_elo_only,10112,29.174259501312108,42.01527234647389,0.03656965995956088,0.028199686174926627,45.0
1,P1-M2_elo_trend,9847,29.453158486000806,42.19073383553144,0.07530408577500557,0.06094758397106564,45.0
1,P1-M3_elo_trend_tournament,9847,29.523459764697858,42.28623646660122,0.05853478203976831,0.05079415519666449,45.0
2,P1-M0_persistence,10038,41.48565451285116,57.54706399649297,0.0,0.0,
2,P1-M1_elo_only,9849,42.24395258433585,57.5872761545586,0.049137269099475876,0.04811811013429413,44.0
2,P1-M2_elo_trend,9587,42.30002827843222,57.531808528509124,0.11726330854987414,0.09915906974152065,44.0
2,P1-M3_elo_trend_tournament,9587,42.36147081930343,57.592932687971576,0.11123203365891532,0.09664387406256113,44.0
3,P1-M0_persistence,9776,49.61528232405892,67.62468858742822,0.0,0.0,
3,P1-M1_elo_only,9589,50.46133866813707,67.66583898321934,0.055286110076237426,0.05431087948780449,43.0
3,P1-M2_elo_trend,9329,50.27178603534314,67.43080476049839,0.11458627138659669,0.1053425355843937,43.0
3,P1-M3_elo_trend_tournament,9329,50.30646486316331,67.53492154040796,0.10867928555963673,0.10532955868526135,43.0
4,P1-M0_persistence,9517,56.558579384259744,76.14240514385318,0.0,0.0,
4,P1-M1_elo_only,9331,57.34484964486954,76.00809642427056,0.05848256973895898,0.05720163244749861,42.0
4,P1-M2_elo_trend,9072,57.06734198669952,75.66476111767709,0.12099226067698374,0.1094955922614541,42.0
4,P1-M3_elo_trend_tournament,9072,57.051826297384636,75.7077307005785,0.1195400321380049,0.11087236364350996,42.0
