nat_team_code,mae,n
QA,65.25901770570916,3
BE,62.375693670108966,11
CR,62.035886335129575,18
FI,57.603882687894,4
BA,56.716185358196185,11
MX,56.0381042362266,18
IR,54.30655467110398,18
PA,54.212091080957464,7
IS,53.91196809361597,9
AR,53.387597285359696,18
CA,53.37055566165956,3
ES,52.995816553012695,18
DZ,50.02462021885988,15
MA,49.300809626596774,7
UY,48.75255778106682,15
PL,48.67419345242794,18
EI,48.19874467505212,9
TR,47.99793272151198,17
NL,47.556427814391185,18
HU,45.72255012912444,9
FR,45.4625408774107,18
AT,44.86209232921868,17
CL,44.811945394969555,15
SE,44.740419225495806,18
CI,43.210006486488936,18
TN,42.694474303305874,18
EC,42.64402702781082,18
DE,42.52405239953623,18
HR,42.43840731588884,18
PE,42.072020991470644,7
GR,41.81147311743254,17
IT,41.80574469543753,18
SQ,41.756636802662854,4
NG,41.74962872605014,15
RO,40.677593667241965,17
BR,40.39283108083124,18
SA,39.82441154602097,18
AL,38.73988693496469,9
DK,38.663658230791285,15
HN,37.91782613423769,15
ZA,37.893642931475036,15
CH,37.77650445109194,18
IE,37.356689091011766,13
EG,37.05692861690216,7
SK,36.61788544915678,15
PY,36.17726264815317,18
CZ,36.13754363062249,18
GH,35.45158047666247,18
SI,34.367295183796635,15
EN,33.0660313892377,18
PT,32.720911017621944,18
UA,32.51812885026545,18
JP,32.34258739561406,18
AU,32.2052209626469,18
KP,31.882331343224436,15
NZ,30.654729151333118,15
WA,30.601679826624206,9
RU,30.168360708332497,17
SN,29.252047110099763,7
US,28.886298563684168,18
KR,27.27391633886903,18
CO,26.95051584523878,11
RS,26.826952995333546,15
NM,19.540876976353857,4
GE,1.361183629243779,1
