horizon,model,n_test,mae,rmse,pearson,spearman,delta_mae_vs_persistence
1,P1-M0_persistence,10301,28.62411416367343,42.016621310649064,0.0,0.0,0.0
1,P1-R1_vol_scaled,9589,29.105875490527204,42.255323114412256,-0.0017316762831728289,0.006316174983980008,-0.4817613268537748
1,P1-R2_mean_reversion,9847,29.285714897090664,42.2895630248206,0.020377339895242905,0.013570390363741034,-0.6616007334172345
1,P1-R3_trend_vol,9588,29.62974771490687,42.22274925374029,0.07266040147145511,0.07220393049663529,-1.0056335512334407
1,P1-R4_team_scale,9331,29.567938915026104,42.18431328003852,0.07513282157774558,0.06197171958349737,-0.9438247513526754
2,P1-M0_persistence,10038,41.48565451285116,57.54706399649297,0.0,0.0,0.0
2,P1-R1_vol_scaled,9331,42.03795588990122,57.86402123183655,0.005194500419771579,0.0037582641738478986,-0.5523013770500569
2,P1-R2_mean_reversion,9587,42.364661327492186,57.91298226745099,0.031103449252156874,0.0314002102147353,-0.8790068146410235
2,P1-R3_trend_vol,9330,42.26949984714511,57.418972292892995,0.12468764060222905,0.1143829288082553,-0.7838453342939502
2,P1-R4_team_scale,9074,42.38874167676154,57.57142773974415,0.117092749210575,0.10009868510768287,-0.9030871639103779
3,P1-M0_persistence,9776,49.61528232405892,67.62468858742822,0.0,0.0,0.0
3,P1-R1_vol_scaled,9074,50.11293817383391,67.81269733689106,0.017426392995105552,0.008410730965078406,-0.49765584977499344
3,P1-R2_mean_reversion,9329,50.39529641517163,67.8435599164056,0.03394857233337526,0.03422091901692567,-0.7800140911127116
3,P1-R3_trend_vol,9073,50.2056292817836,67.26348437386685,0.12955104558192118,0.12253883853544051,-0.5903469577246838
3,P1-R4_team_scale,8817,50.46154103990222,67.5477202570228,0.11227635304117271,0.10484503939440087,-0.8462587158433053
4,P1-M0_persistence,9517,56.558579384259744,76.14240514385318,0.0,0.0,0.0
4,P1-R1_vol_scaled,8817,57.01588851581999,76.29253099325629,0.013119839753113037,0.007351865374084189,-0.457309131560244
4,P1-R2_mean_reversion,9072,57.23331001799575,76.18114541935857,0.03613119314396269,0.03578969063878885,-0.6747306337360044
4,P1-R3_trend_vol,8816,57.089837962920114,75.614682101791,0.1341935888061239,0.12304148795209713,-0.5312585786603705
4,P1-R4_team_scale,8560,57.45838880908549,76.00601779527261,0.12030061886241028,0.10938564223679277,-0.8998094248257473
