horizon,model,mae_de,rmse_de,n_de,delta_mae_vs_persistence
1,P1-M0_persistence,43.19444444444444,57.591714296030084,36,0.0
1,P1-R1_vol_scaled,42.69791365533201,56.97916760666377,34,0.496530789112434
1,P1-R2_mean_reversion,44.02844002123662,58.16400445529553,35,-0.8339955767921765
1,P1-R3_trend_vol,41.41700655263129,55.98208796365506,34,1.7774378918131504
1,P1-R4_team_scale,42.468747440935985,56.79103641870097,33,0.7256970035084578
2,P1-M0_persistence,55.25714285714286,71.5318111052698,35,0.0
2,P1-R1_vol_scaled,53.54719623238675,70.83199480374051,33,1.7099466247561068
2,P1-R2_mean_reversion,54.78033615421813,70.4473100152123,34,0.47680670292472627
2,P1-R3_trend_vol,52.41153811881201,69.21050016061129,33,2.8456047383308487
2,P1-R4_team_scale,53.825616448475444,70.6025783989833,32,1.4315264086674162
3,P1-M0_persistence,66.58823529411765,82.71069352586406,34,0.0
3,P1-R1_vol_scaled,65.26996621670594,82.65280927890707,32,1.3182690774117134
3,P1-R2_mean_reversion,66.52677482312559,82.38616830698969,33,0.06146047099205987
3,P1-R3_trend_vol,63.75586040154085,81.14879218275877,32,2.8323748925768015
3,P1-R4_team_scale,64.75093796188395,82.55856184520016,31,1.8372973322337032
4,P1-M0_persistence,75.18181818181819,93.35513814558799,33,0.0
4,P1-R1_vol_scaled,75.1397975400458,94.27699237840385,31,0.04202064177238185
4,P1-R2_mean_reversion,74.3459743123488,92.5840490054595,32,0.8358438694693859
4,P1-R3_trend_vol,76.14263103311217,92.58615354335589,31,-0.96081285129398
4,P1-R4_team_scale,76.04556273679941,93.3805952942473,30,-0.8637445549812242
